age,sex,uw_class,monthly,source
5,female,preferred_plus_nt,8.44,flyer_rates_compare_rev_10_25
5,male,preferred_plus_nt,8.92,flyer_rates_compare_rev_10_25
18,female,preferred_tobacco,12.16,agent_center_interpolated
18,female,standard_tobacco,12.26,agent_center_interpolated
18,male,preferred_tobacco,10.83,agent_center_interpolated
18,male,standard_tobacco,10.93,agent_center_interpolated
19,female,preferred_tobacco,12.41,agent_center_interpolated
19,female,standard_tobacco,12.52,agent_center_interpolated
19,male,preferred_tobacco,11.15,agent_center_interpolated
19,male,standard_tobacco,11.26,agent_center_interpolated
20,female,preferred_tobacco,12.65,agent_center_interpolated
20,female,standard_tobacco,12.76,agent_center_interpolated
20,male,preferred_tobacco,11.47,agent_center_protect_10pay
20,male,standard_tobacco,11.58,agent_center_protect_10pay
21,female,preferred_tobacco,12.88,agent_center_interpolated
21,female,standard_tobacco,12.99,agent_center_interpolated
21,male,preferred_tobacco,11.79,agent_center_interpolated
21,male,standard_tobacco,11.90,agent_center_interpolated
22,female,preferred_tobacco,13.11,agent_center_interpolated
22,female,standard_tobacco,13.23,agent_center_interpolated
22,male,preferred_tobacco,12.11,agent_center_interpolated
22,male,standard_tobacco,12.23,agent_center_interpolated
23,female,preferred_tobacco,13.33,agent_center_interpolated
23,female,standard_tobacco,13.45,agent_center_interpolated
23,male,preferred_tobacco,12.43,agent_center_interpolated
23,male,standard_tobacco,12.55,agent_center_interpolated
24,female,preferred_tobacco,13.54,agent_center_interpolated
24,female,standard_tobacco,13.67,agent_center_interpolated
24,male,preferred_tobacco,12.75,agent_center_interpolated
24,male,standard_tobacco,12.88,agent_center_interpolated
25,female,preferred_plus_nt,10.22,flyer_rates_compare_rev_10_25
25,female,preferred_tobacco,13.76,agent_center_interpolated
25,female,standard_tobacco,13.88,agent_center_interpolated
25,male,preferred_plus_nt,10.92,flyer_rates_compare_rev_10_25
25,male,preferred_tobacco,13.08,agent_center_interpolated
25,male,standard_tobacco,13.20,agent_center_interpolated
26,female,preferred_tobacco,13.96,agent_center_interpolated
26,female,standard_tobacco,14.08,agent_center_interpolated
26,male,preferred_tobacco,13.40,agent_center_interpolated
26,male,standard_tobacco,13.52,agent_center_interpolated
27,female,preferred_tobacco,14.16,agent_center_interpolated
27,female,standard_tobacco,14.29,agent_center_interpolated
27,male,preferred_tobacco,13.72,agent_center_interpolated
27,male,standard_tobacco,13.85,agent_center_interpolated
28,female,preferred_tobacco,14.34,agent_center_interpolated
28,female,standard_tobacco,14.47,agent_center_interpolated
28,male,preferred_tobacco,14.04,agent_center_interpolated
28,male,standard_tobacco,14.17,agent_center_interpolated
29,female,preferred_tobacco,14.53,agent_center_interpolated
29,female,standard_tobacco,14.67,agent_center_interpolated
29,male,preferred_tobacco,14.36,agent_center_interpolated
29,male,standard_tobacco,14.50,agent_center_interpolated
30,female,preferred_tobacco,14.70,agent_center_interpolated
30,female,standard_tobacco,14.84,agent_center_interpolated
30,male,preferred_tobacco,14.68,agent_center_protect_10pay
30,male,standard_tobacco,14.82,agent_center_protect_10pay
31,female,preferred_tobacco,15.12,agent_center_interpolated
31,female,standard_tobacco,15.26,agent_center_interpolated
31,male,preferred_tobacco,15.15,agent_center_interpolated
31,male,standard_tobacco,15.29,agent_center_interpolated
32,female,preferred_tobacco,15.52,agent_center_interpolated
32,female,standard_tobacco,15.67,agent_center_interpolated
32,male,preferred_tobacco,15.61,agent_center_interpolated
32,male,standard_tobacco,15.76,agent_center_interpolated
33,female,preferred_tobacco,15.93,agent_center_interpolated
33,female,standard_tobacco,16.08,agent_center_interpolated
33,male,preferred_tobacco,16.08,agent_center_interpolated
33,male,standard_tobacco,16.23,agent_center_interpolated
34,female,preferred_tobacco,16.32,agent_center_interpolated
34,female,standard_tobacco,16.48,agent_center_interpolated
34,male,preferred_tobacco,16.54,agent_center_interpolated
34,male,standard_tobacco,16.70,agent_center_interpolated
35,female,preferred_plus_nt,12.50,flyer_rates_compare_rev_10_25
35,female,preferred_tobacco,16.72,agent_center_interpolated
35,female,standard_tobacco,16.88,agent_center_interpolated
35,male,preferred_plus_nt,13.41,flyer_rates_compare_rev_10_25
35,male,preferred_tobacco,17.01,agent_center_interpolated
35,male,standard_tobacco,17.17,agent_center_interpolated
36,female,preferred_tobacco,17.11,agent_center_interpolated
36,female,standard_tobacco,17.27,agent_center_interpolated
36,male,preferred_tobacco,17.47,agent_center_interpolated
36,male,standard_tobacco,17.63,agent_center_interpolated
37,female,preferred_tobacco,17.50,agent_center_interpolated
37,female,standard_tobacco,17.67,agent_center_interpolated
37,male,preferred_tobacco,17.93,agent_center_interpolated
37,male,standard_tobacco,18.10,agent_center_interpolated
38,female,preferred_tobacco,17.89,agent_center_interpolated
38,female,standard_tobacco,18.06,agent_center_interpolated
38,male,preferred_tobacco,18.40,agent_center_interpolated
38,male,standard_tobacco,18.57,agent_center_interpolated
39,female,preferred_tobacco,18.27,agent_center_interpolated
39,female,standard_tobacco,18.45,agent_center_interpolated
39,male,preferred_tobacco,18.86,agent_center_interpolated
39,male,standard_tobacco,19.04,agent_center_interpolated
40,female,preferred_tobacco,18.65,agent_center_interpolated
40,female,standard_tobacco,18.83,agent_center_interpolated
40,male,preferred_tobacco,19.33,agent_center
40,male,standard_tobacco,19.51,agent_center_protect_10pay
41,female,preferred_tobacco,19.02,agent_center_interpolated
41,female,standard_tobacco,19.21,agent_center_interpolated
41,male,preferred_tobacco,19.79,agent_center_interpolated
41,male,standard_tobacco,19.98,agent_center_interpolated
42,female,preferred_tobacco,19.40,agent_center_interpolated
42,female,standard_tobacco,19.59,agent_center_interpolated
42,male,preferred_tobacco,20.26,agent_center_interpolated
42,male,standard_tobacco,20.45,agent_center_interpolated
43,female,preferred_tobacco,19.77,agent_center_interpolated
43,female,standard_tobacco,19.96,agent_center_interpolated
43,male,preferred_tobacco,20.73,agent_center_interpolated
43,male,standard_tobacco,20.92,agent_center_interpolated
44,female,preferred_tobacco,20.13,agent_center_interpolated
44,female,standard_tobacco,20.33,agent_center_interpolated
44,male,preferred_tobacco,21.19,agent_center_interpolated
44,male,standard_tobacco,21.39,agent_center_interpolated
45,female,preferred_plus_nt,16.32,flyer_rates_compare_rev_10_25
45,male,preferred_plus_nt,17.60,flyer_rates_compare_rev_10_25
