question,answer,locale
What is Transamerica FE Express?,"Transamerica FE Express is a simplified-issue final expense whole life option Julie can compare for families. It is designed to help with funeral and related end-of-life costs, typically without a medical exam for applicants who qualify. Transamerica also has related final expense portfolio options (such as Immediate, 10-Pay, and Easy). Availability varies by state — Julie confirms what applies where you live.",en
¿Qué es Transamerica FE Express?,"Transamerica FE Express es una opción de vida entera para gastos finales de emisión simplificada que Julie puede comparar. Está pensada para ayudar con funeral y costos relacionados, normalmente sin examen médico para quienes califiquen. Transamerica también tiene otras opciones de portafolio de gastos finales (como Immediate, 10-Pay y Easy). La disponibilidad varía por estado — Julie confirma qué aplica donde usted vive.",es
Does Assurity offer final expense coverage?,"Assurity does not brand a product as “final expense,” but Assurity whole life Protect+ and Perform+ are often used for final expense planning. Coverage typically starts at $10,000 with simplified underwriting (many applicants may qualify without a medical exam, depending on age and health questions). Living benefits riders are commonly included. Julie can compare Assurity with other carriers for your situation.",en
¿Assurity ofrece seguro de gastos finales?,"Assurity no comercializa un producto con la marca “gastos finales,” pero su vida entera Protect+ y Perform+ se usan con frecuencia para planificación de gastos finales. La cobertura suele comenzar en $10,000 con suscripción simplificada (muchas personas pueden calificar sin examen médico, según edad y preguntas de salud). Suele incluir beneficios en vida. Julie puede comparar Assurity con otras aseguradoras según su caso.",es
Do you sell Medicare Advantage or Medigap?,"Mejor Vida’s public focus is life insurance and final expense whole life for families — not Medicare Advantage or Medigap shopping. If you have a Medicare plan question, talk with a licensed Medicare agent. For funeral and final expense life coverage, Julie can help in Nebraska, Kansas, Colorado, and Nevada.",en
¿Venden Medicare Advantage o Medigap?,"El enfoque público de Mejor Vida es seguro de vida y vida entera para gastos finales — no la venta de Medicare Advantage ni Medigap. Si tiene una pregunta de Medicare, consulte a un agente de Medicare con licencia. Para cobertura de vida para funeral y gastos finales, Julie puede ayudar en Nebraska, Kansas, Colorado y Nevada.",es
How much does a funeral cost in Nebraska?,"According to Funeralocity state averages published on Mejor Vida’s Nebraska page, a traditional funeral in Nebraska averages about $8,620, and cremation with a service averages about $6,530. Prices vary by funeral home, city, and services chosen. These figures help families estimate how much final expense coverage they may need.",en
¿Cuánto cuesta un funeral en Nebraska aproximadamente?,"Según promedios estatales de Funeralocity en la página de Nebraska de Mejor Vida, un funeral tradicional en Nebraska promedia cerca de $8,620 y la cremación con servicio cerca de $6,530. Los precios varían por funeraria, ciudad y servicios. Estas cifras ayudan a estimar cuánta cobertura de gastos finales podría necesitar.",es
What happens if I miss a final expense premium payment?,"If you miss a premium payment, most life policies have a grace period (often about 30 days, depending on the contract) before the policy can lapse. Contact the carrier or Julie as soon as possible — options may include paying the past-due premium, adjusting the payment method, or reviewing whether the face amount still fits your budget. Do not assume coverage continues after a lapse.",en
¿Qué pasa si no puedo pagar la prima un mes?,"Si no paga una prima, la mayoría de las pólizas de vida tienen un período de gracia (a menudo cerca de 30 días, según el contrato) antes de que la póliza pueda caducar. Contacte a la aseguradora o a Julie lo antes posible — puede haber opciones como pagar lo atrasado, cambiar el método de pago o revisar si el monto de cobertura aún le conviene. No asuma que la cobertura continúa después de una caducidad.",es
What states is Julie licensed in?,"Julie Braunsroth is licensed to help with life and final expense insurance in Nebraska, Kansas, Colorado, and Nevada (NPN #21695431).",en
¿En qué estados trabaja Julie?,"Julie Braunsroth está licenciada para ayudar con seguro de vida y gastos finales en Nebraska, Kansas, Colorado y Nevada (NPN #21695431).",es
Final expense vs prepaid funeral — which is better?,"Final expense whole life pays a cash benefit to your beneficiary, who can use it for funeral costs or other needs. A prepaid funeral usually locks services to a specific funeral home and package. Final expense often offers more flexibility if you move or your wishes change; prepaid can work if you want a specific funeral home package locked in. Compare both carefully before signing.",en
¿Gastos finales o funeral prepagado — qué conviene más?,"El seguro de gastos finales paga un beneficio en efectivo a su beneficiario, quien puede usarlo para el funeral u otras necesidades. Un funeral prepagado suele amarrar servicios a una funeraria y un paquete concretos. Los gastos finales suelen dar más flexibilidad si se muda o cambian los deseos; el prepagado puede servir si quiere fijar un paquete en una funeraria. Compare ambos con calma antes de firmar.",es
