question,answer,category,source
What carriers do you work with?,"Mejor Vida Insurance works with three top-rated carriers: Mutual of Omaha, Assurity, and American Amicable. Julie compares options across all three to find the best fit for your age, budget, and health profile.",Carriers,rag_coverage_gaps_2026_04_20
What insurance companies does Mejor Vida offer?,"Mejor Vida Insurance works with three top-rated carriers: Mutual of Omaha, Assurity, and American Amicable. Julie compares options across all three to find the best fit for your age, budget, and health profile.",Carriers,rag_coverage_gaps_2026_04_20
¿Con qué compañías trabajan?,"Mejor Vida Insurance trabaja con tres aseguradoras de alto nivel: Mutual of Omaha, Assurity y American Amicable. Julie compara opciones entre las tres para encontrar la mejor para tu edad, presupuesto y perfil de salud.",Carriers,rag_coverage_gaps_2026_04_20
I want to get life insurance,"Great — Julie can help you find the right final expense policy. The easiest way to start is to click the ""Get a Free Quote"" button at mejorvidainsurance.com, or contact Julie directly at 402-588-1125 (phone/text) or WhatsApp 402-440-5438.",General,rag_coverage_gaps_2026_04_20
Quiero obtener un seguro de vida,"Julie puede ayudarte a encontrar la póliza de gastos finales adecuada. La forma más fácil de comenzar es hacer clic en el botón ""Cotización gratuita"" en mejorvidainsurance.com, o contactar a Julie directamente al 402-588-1125 (teléfono/texto) o WhatsApp 402-440-5438.",General,rag_coverage_gaps_2026_04_20
"My mom just passed away, what do I do?","We're sorry for your loss. If your loved one had a life insurance policy, the beneficiary should contact the insurance carrier directly to file a claim. You'll need a certified copy of the death certificate and the policy number. Julie can help guide your family through the process — reach her at 402-588-1125 or Julie@mejorvidainsurance.com.",Claims,rag_coverage_gaps_2026_04_20
"My loved one died and had a policy, how do I collect?","We're sorry for your loss. If your loved one had a life insurance policy, the beneficiary should contact the insurance carrier directly to file a claim. You'll need a certified copy of the death certificate and the policy number. Julie can help guide your family through the process — reach her at 402-588-1125 or Julie@mejorvidainsurance.com.",Claims,rag_coverage_gaps_2026_04_20
"My claim was denied, who do I call?","If a claim was denied, contact the insurance carrier directly — they are required to provide a denial reason in writing. You can also contact Julie at 402-588-1125 or Julie@mejorvidainsurance.com and she can help guide you through next steps or escalate if needed.",Claims,rag_coverage_gaps_2026_04_20
Quiero hablar con alguien,"Puedes contactar a Julie directamente al 402-588-1125 (teléfono o texto), por WhatsApp al 402-440-5438, o por correo electrónico a Julie@mejorvidainsurance.com. Ella estará encantada de ayudarte.",Contact,rag_coverage_gaps_2026_04_20
I can't afford my premium anymore,"If you're having trouble with your premium, contact Julie at 402-588-1125 or Julie@mejorvidainsurance.com. She can review your options — some carriers offer reduced paid-up coverage or other adjustments to help you keep some protection in place.",General,rag_coverage_gaps_2026_04_20
¿Me pueden aprobar el mismo día?,"Sí, algunas aseguradoras ofrecen decisiones instantáneas o el mismo día para pólizas de emisión simplificada cuando aplicas por vía electrónica, sin examen médico. Julie te indicará qué esperar según tu situación.",Coverage,rag_coverage_gaps_2026_04_20
