question,answer,language
"¿Hay un período de espera para el seguro de vida final de gastos?","Muchas pólizas de gastos finales — en especial los planes de beneficio graduado o modificado — incluyen un período de espera de 2 años para la muerte por causas naturales. Si el asegurado fallece dentro de ese período por causas naturales, los beneficiarios suelen recibir un reembolso de las primas pagadas más intereses, en lugar del beneficio completo.\n\nSi el fallecimiento ocurre por accidente, muchas pólizas pagan el beneficio completo desde el primer día.\n\nLos planes de beneficio inmediato (nivel) pueden no tener período de espera para quienes califican. Julie puede ayudarte a encontrar la mejor opción. Contáctala al 402-440-5438 o por WhatsApp.",es
"¿Cuánto tiempo tengo que esperar para que mi seguro entre en vigor?","Muchas pólizas de gastos finales — en especial graduadas o modificadas — incluyen un período de espera de 2 años para muerte por causas naturales. Durante ese tiempo, si ocurre un fallecimiento por causas naturales, los beneficiarios suelen recibir las primas pagadas más intereses.\n\nLos planes de beneficio inmediato pueden ofrecer cobertura desde el primer día sin período de espera para quienes califican.\n\nPara saber qué plan es el adecuado para ti, comunícate con Julie al 402-440-5438 o envíale un mensaje de WhatsApp.",es
"¿Qué pasa cuando muero? ¿Qué recibe mi familia?","Cuando el asegurado fallece, la familia o los beneficiarios designados reciben el beneficio por fallecimiento libre de impuestos. Este dinero puede usarse para:\n- Gastos funerarios y de entierro\n- Deudas médicas pendientes\n- Cualquier otro gasto que la familia necesite cubrir\n\nEl proceso de reclamación se inicia contactando a la aseguradora con el certificado de defunción y el número de póliza. El beneficio generalmente se paga en días o semanas.\n\nJulie puede guiarte sobre qué necesitarás. Llámala al 402-440-5438.",es
"¿Cómo cobra el dinero mi familia cuando fallezco?","Tu familia o beneficiarios deben contactar directamente a la compañía de seguros para presentar una reclamación. Necesitarán:\n- El certificado de defunción oficial\n- El número de póliza\n- Identificación del beneficiario\n\nLa aseguradora procesará la reclamación y emitirá el pago, generalmente libre de impuestos, en días o semanas.\n\nSi tienes preguntas sobre el proceso de reclamación, Julie puede ayudarte. Contáctala al 402-440-5438 o por correo a Julie@mejorvidainsurance.com.",es
"¿Puedo pedir dinero prestado de mi póliza de seguro de vida?","Algunas pólizas de gastos finales acumulan valor en efectivo con el tiempo, lo que puede permitirte solicitar un préstamo contra la póliza. Sin embargo, no todos los planes tienen esta función.\n\nLos detalles dependen de la aseguradora y el tipo de póliza. Julie puede explicarte qué opciones están disponibles para tu situación. Llámala al 402-440-5438 o envíale un WhatsApp.",es
"¿Cuáles son las compañías de seguros que ofrecen gastos finales en Nebraska?","Mejor Vida Insurance trabaja con tres aseguradoras principales para gastos finales en Nebraska:\n\n1. **Mutual of Omaha** — una de las aseguradoras más reconocidas en el país, con décadas de experiencia en seguros de vida. Calificación A+ de A.M. Best.\n\n2. **Assurity** — compañía con sede en Lincoln, Nebraska, conocida por su excelente servicio al cliente y solidez financiera.\n\n3. **American Amicable** — aseguradora de Texas con experiencia en pólizas de gastos finales accesibles.\n\nJulie puede comparar opciones de las tres para encontrar la mejor cobertura para ti. Contáctala al 402-440-5438.",es
"¿Qué compañías trabaja Mejor Vida Insurance?","Mejor Vida Insurance ofrece planes de gastos finales de tres aseguradoras:\n\n- **Mutual of Omaha** — calificación A+, líder nacional en seguros de vida.\n- **Assurity** — empresa de Nebraska con excelente servicio y estabilidad financiera.\n- **American Amicable** — especialista en cobertura de gastos finales asequibles.\n\nJulie compara las opciones para encontrar el mejor precio y cobertura para tu situación. Llámala al 402-440-5438 o envía un WhatsApp.",es
"¿Cuánto tiempo tarda en aprobarse un seguro?","¡Algunas pólizas de gastos finales se aprueban al instante o el mismo día! El proceso es simple:\n\n1. Julie revisa tu información básica de salud y edad.\n2. Con las aseguradoras adecuadas, la aprobación puede ser inmediata.\n3. Recibes tu póliza rápidamente, a veces el mismo día.\n\nNo se requieren exámenes médicos para la mayoría de los planes de gastos finales. Para obtener una cotización y comenzar el proceso, llama o envía un mensaje a Julie al 402-440-5438.",es
"¿Puedo obtener aprobación el mismo día?","Sí, ¡muchos planes de gastos finales ofrecen aprobación el mismo día o incluso instantánea! No se requieren exámenes médicos.\n\nEl proceso es rápido: Julie recopila tu información básica, la envía a la aseguradora, y muchas veces la aprobación llega ese mismo día.\n\nLlama, escribe o envía un WhatsApp a Julie al 402-440-5438 para comenzar hoy.",es
"¿Cuánto cuesta un seguro de gastos finales?","El costo depende de tu edad, género y estado de salud. Las primas varían según tu edad, tu salud y el plan — comunícate con Julie al 402-440-5438 para una cotización gratuita y sin compromiso.",es
"¿Cómo obtengo una cotización de seguro?","Obtener una cotización es rápido y sin compromiso. Simplemente:\n\n1. Llama, escribe o envía un WhatsApp a Julie al **402-440-5438**\n2. Julie te hará unas preguntas básicas sobre tu edad y salud\n3. Comparará planes de Mutual of Omaha, Assurity y American Amicable\n4. Recibirás las mejores opciones con precios claros\n\nTambién puedes escribirle por correo a Julie@mejorvidainsurance.com.\n\n¡No hay costos ni obligaciones para obtener una cotización!",es
"¿Dónde está ubicada Mejor Vida Insurance?","Mejor Vida Insurance está ubicada en:\n\n**16820 Frances St, Suite 208\nOmaha, NE 68130**\n\nSin embargo, ¡no necesitas visitarnos en persona! Julie puede ayudarte completamente por teléfono, mensaje de texto o WhatsApp al **402-440-5438**, o por correo electrónico a Julie@mejorvidainsurance.com.\n\nServimos a clientes en todo Nebraska.",es
"¿Cuál es la dirección de Mejor Vida Insurance?","La dirección de Mejor Vida Insurance es:\n\n**16820 Frances St, Suite 208\nOmaha, NE 68130**\n\nPuedes contactar a Julie directamente por teléfono, texto o WhatsApp al **402-440-5438** sin necesidad de visitar la oficina.\n\nAtendemos a clientes en todo Nebraska.",es
"Quiero hablar con alguien sobre mi seguro","Con gusto te comunico con Julie, nuestra agente de seguros licenciada en Nebraska.\n\nPuedes contactarla por:\n- **Llamada, texto o WhatsApp:** 402-440-5438\n- **Correo electrónico:** Julie@mejorvidainsurance.com\n\nJulie puede responder todas tus preguntas sobre gastos finales, comparar opciones de Mutual of Omaha, Assurity y American Amicable, y ayudarte a encontrar la cobertura adecuada para tu situación.",es
"Quiero más información sobre el seguro de vida","¡Con gusto te ayudamos! El seguro de gastos finales de Mejor Vida Insurance está diseñado para cubrir gastos funerarios, médicos y otros costos cuando ya no estés, protegiendo a tu familia.\n\nPara recibir información personalizada y una cotización sin costo:\n- **Llama, escribe o envía WhatsApp:** 402-440-5438\n- **Correo:** Julie@mejorvidainsurance.com\n\nJulie comparará planes de las mejores aseguradoras para encontrar la opción ideal para ti.",es
"No puedo pagar el seguro. Es muy caro.","¡Entendemos la preocupación! Los seguros de gastos finales están diseñados para ser accesibles, y las primas dependen de tu edad, salud y del plan que elijas.\n\nJulie puede comparar planes de Mutual of Omaha, Assurity y American Amicable para encontrar la opción que mejor se ajuste a tu presupuesto.\n\nLlámala al **402-440-5438** o envíale un WhatsApp para explorar las opciones disponibles sin compromiso.",es
"Me negaron el seguro de vida antes. ¿Puedo aplicar aquí?","Es posible que aún puedas obtener cobertura de gastos finales. Muchos planes están diseñados específicamente para personas que han sido rechazadas antes, con aceptación garantizada o preguntas de salud mínimas.\n\nJulie revisará tu situación y buscará el plan más adecuado entre Mutual of Omaha, Assurity y American Amicable.\n\nContáctala al **402-440-5438** por llamada, texto o WhatsApp.",es
"¿Qué es el seguro de gastos finales?","El seguro de gastos finales es un tipo de seguro de vida diseñado para cubrir los costos asociados con el fallecimiento, como:\n- Gastos funerarios y de entierro\n- Facturas médicas pendientes\n- Deudas pequeñas\n\nGeneralmente tiene primas mensuales fijas y accesibles, no requiere examen médico, y paga un beneficio libre de impuestos a los beneficiarios.\n\nEn Nebraska, Mejor Vida Insurance ofrece planes de Mutual of Omaha, Assurity y American Amicable. Julie puede explicarte las opciones al **402-440-5438**.",es
"¿El seguro de gastos finales requiere examen médico?","No, la mayoría de los planes de gastos finales no requieren examen médico. Solo se hacen algunas preguntas básicas de salud.\n\nEsto hace que el proceso de solicitud sea rápido y sencillo. Muchos clientes obtienen aprobación el mismo día.\n\nPara obtener más detalles, llama o envía un WhatsApp a Julie al **402-440-5438**.",es
"¿Puedo obtener seguro si tengo una condición de salud?","La elegibilidad depende de tu situación específica y de la aseguradora. No puedo confirmar cobertura para condiciones de salud específicas — Julie puede hacer una revisión personalizada.\n\nComunícate con Julie por llamada, texto o WhatsApp al **402-440-5438**, o por correo electrónico a Julie@mejorvidainsurance.com para una evaluación personalizada.",es
"¿Qué cubre el seguro de vida de gastos finales?","El seguro de gastos finales cubre los costos que tu familia enfrentaría cuando fallezcas, incluyendo:\n\n- **Funeral y entierro** — el costo promedio puede ser de $8,000 a $15,000\n- **Cremación** si es la preferencia\n- **Facturas médicas** pendientes\n- **Deudas menores** que no quieres dejar a tu familia\n\nEl beneficio se paga directamente a tus beneficiarios, libre de impuestos, para que puedan usarlo como necesiten.\n\nPara una cotización sin compromiso, llama a Julie al **402-440-5438**.",es
